stage,description,median_ms,comm_gemm_overlap_pct,comm_compute_overlap_pct,throughput_tokens_per_s,correct,peak_allocated_bytes,p2p_memcpy_count,raw_artifact
B0 Original,"Flux V2 default tile 128x128x32, original dispatch prep, ring1d P2P memcpy AG",0.34174399077892303,73.54565605088729,86.50138521731078,749098.7607902328,True,260061184,3.0,/root/tencent-hpn-issue6/artifacts/final_overlap_audit/final_5run/B0_original_run*/original_fused_summary.json
B1 Tile64,Tile64 hparam ablation at sm_margin=32,0.342415988445282,,,747628.6407137462,True,260066304,,/root/tencent-hpn-issue6/artifacts/issue6_benchmark_tile_rank_sweep/top2_sm32/optimized_fused_summary.json
B2 Tile32,Tile32 hparam ablation at sm_margin=32,0.3235680013895035,71.47119725183185,84.62631776500237,791178.3578742488,True,260066304,3.0,/root/tencent-hpn-issue6/artifacts/issue6_benchmark_official_final_current/optimized_fused_summary.json
B3 Tile16,Tile16 hparam ablation at sm_margin=32,0.40385599434375763,,,633889.3159577464,True,260066304,,/root/tencent-hpn-issue6/artifacts/issue6_benchmark_tile_rank_sweep/top3_sm32/optimized_fused_summary.json
B4 Tile32 current,Previous PR state: Tile32 + original dispatch prep + sm_margin=32,0.3235680013895035,71.47119725183185,84.62631776500237,791178.3578742488,True,260066304,3.0,/root/tencent-hpn-issue6/artifacts/issue6_benchmark_official_final_current/optimized_fused_summary.json
B5 no scatter-index normalize,Use EP-local scatter indices directly; removes one pre-GEMM prep kernel,0.3200480043888092,75.71319270196626,85.57359934534273,799880.0070285684,True,260066304,3,/root/tencent-hpn-issue6/artifacts/final_overlap_audit/no_scatter_norm_sm32_smoke3/optimized_fused_summary.json
B6 fast gather-index path,EP1/topk1 fast gather path plus no scatter-index normalize,0.32020799815654755,77.936451442623,87.62483257264788,799480.3423830885,True,260066304,3,/root/tencent-hpn-issue6/artifacts/final_overlap_audit/fast_gather_no_norm_sm32_smoke/optimized_fused_summary.json
B8 Fused-prep final,Fused EP1/topk1 dispatch prep + Tile32 + sm_margin=0; no extra P2P copies,0.3219040036201477,82.44220842595388,90.54677850734515,795268.1455372155,True,260064768,3.0,/root/tencent-hpn-issue6/artifacts/final_overlap_audit/final_5run/B8_final_run*/optimized_fused_summary.json
Rejected split2,Row-aligned two-way AG signal split; correctness passed but latency regressed and P2P copies doubled,0.3466079980134964,71.23588320551391,82.00127731875882,738586.5342611965,True,260064256,150,/root/tencent-hpn-issue6/artifacts/issue6_benchmark_official_final_split2_sm16/optimized_fused_summary.json
