method,rank,iteration,comm_active_us,gemm_active_us,scatter_prep_active_us,comm_gemm_overlap_us,comm_compute_overlap_us,comm_gemm_overlap_pct,comm_compute_overlap_pct,first_gemm_delay_us,p2p_memcpy_count,scatter_prep_kernel_count,source_sqlite
B0_original,0,0,90.112,279.903,11.68,65.824,76.928,73.046875,85.36931818181817,24.288,3,4,artifacts/profiling/compact/baseline_measured_loop.sqlite
B0_original,0,1,91.231,279.167,10.944,64.959,75.039,71.20277098793173,82.25164691826244,26.272,3,4,artifacts/profiling/compact/baseline_measured_loop.sqlite
B0_original,0,2,92.256,275.455,10.848,66.88,75.744,72.49392993409643,82.10197710718002,25.376,3,4,artifacts/profiling/compact/baseline_measured_loop.sqlite
B0_original,0,3,90.399,285.694,11.296,69.983,79.103,77.41567937698426,87.5042865518424,20.416,3,4,artifacts/profiling/compact/baseline_measured_loop.sqlite
B0_original,0,4,91.072,280.959,11.392,76.352,83.616,83.83696416022488,91.81307097680956,14.72,3,4,artifacts/profiling/compact/baseline_measured_loop.sqlite
B0_original,0,5,89.407,288.319,11.232,70.208,79.328,78.52628988781639,88.72683346941514,19.199,3,4,artifacts/profiling/compact/baseline_measured_loop.sqlite
B0_original,0,6,90.016,272.511,10.88,63.968,72.864,71.06292214717384,80.9456096693921,26.048,3,4,artifacts/profiling/compact/baseline_measured_loop.sqlite
B0_original,0,7,91.712,278.015,12.896,69.088,80.864,75.33147243545011,88.17166782972784,22.624,3,4,artifacts/profiling/compact/baseline_measured_loop.sqlite
B0_original,0,8,90.72,277.342,11.36,65.664,76.48,72.38095238095238,84.30335097001763,25.056,3,4,artifacts/profiling/compact/baseline_measured_loop.sqlite
B0_original,0,9,88.896,289.311,11.68,76.576,83.904,86.14110871130309,94.38444924406048,12.32,3,4,artifacts/profiling/compact/baseline_measured_loop.sqlite
B0_original,0,10,90.719,280.094,10.912,74.943,82.463,82.61003758859776,90.89937058389091,15.776,3,4,artifacts/profiling/compact/baseline_measured_loop.sqlite
B0_original,0,11,88.288,278.847,11.936,64.544,75.872,73.10619789778904,85.93693367162015,23.744,3,4,artifacts/profiling/compact/baseline_measured_loop.sqlite
B0_original,0,12,89.183,285.247,10.783,77.312,83.743,86.68916721796755,93.90018277025891,11.871,3,4,artifacts/profiling/compact/baseline_measured_loop.sqlite
B0_original,0,13,91.679,285.855,12.128,73.887,83.519,80.59315655711778,91.09937935623206,17.792,3,4,artifacts/profiling/compact/baseline_measured_loop.sqlite
B0_original,0,14,87.84,287.871,10.944,75.648,82.176,86.12021857923497,93.55191256830601,12.192,3,4,artifacts/profiling/compact/baseline_measured_loop.sqlite
B0_original,0,15,91.743,272.382,12.608,60.639,72.863,66.0965959255747,79.42077324700522,31.104,3,4,artifacts/profiling/compact/baseline_measured_loop.sqlite
B0_original,0,16,90.496,286.463,11.552,70.848,80.576,78.28854314002828,89.03818953323905,19.648,3,4,artifacts/profiling/compact/baseline_measured_loop.sqlite
B0_original,0,17,89.983,273.982,11.52,65.663,75.199,72.97267261593856,83.57022993232054,24.32,3,4,artifacts/profiling/compact/baseline_measured_loop.sqlite
B0_original,0,18,86.944,269.887,12.032,58.464,70.464,67.24328303275672,81.04527051895472,28.48,3,4,artifacts/profiling/compact/baseline_measured_loop.sqlite
B0_original,0,19,89.887,274.015,11.711,61.888,73.503,68.85089056259525,81.77267013027468,27.999,3,4,artifacts/profiling/compact/baseline_measured_loop.sqlite
B0_original,1,0,74.592,288.415,10.784,58.72,66.336,78.72157872157872,88.93178893178893,15.872,3,4,artifacts/profiling/compact/baseline_measured_loop.sqlite
B0_original,1,1,76.64,283.871,12.0,51.872,62.72,67.68267223382047,81.83716075156576,24.768,3,4,artifacts/profiling/compact/baseline_measured_loop.sqlite
B0_original,1,2,74.336,289.982,10.976,58.656,66.048,78.906586310805,88.85062419285407,15.68,3,4,artifacts/profiling/compact/baseline_measured_loop.sqlite
B0_original,1,3,76.736,287.807,11.648,51.296,62.432,66.84737281067557,81.35946622185153,25.44,3,4,artifacts/profiling/compact/baseline_measured_loop.sqlite
B0_original,1,4,77.472,293.087,12.224,51.68,63.264,66.70797191243288,81.66047087980174,25.792,3,4,artifacts/profiling/compact/baseline_measured_loop.sqlite
B0_original,1,5,75.263,279.454,10.944,51.615,60.543,68.57951450247798,80.44191701101471,23.648,3,4,artifacts/profiling/compact/baseline_measured_loop.sqlite
B0_original,1,6,72.48,288.383,11.008,55.584,63.296,76.6887417218543,87.3289183222958,16.896,3,4,artifacts/profiling/compact/baseline_measured_loop.sqlite
B0_original,1,7,74.336,286.527,10.976,54.56,63.52,73.39647008179078,85.44984933275937,19.776,3,4,artifacts/profiling/compact/baseline_measured_loop.sqlite
B0_original,1,8,74.592,285.534,11.68,51.744,62.688,69.36936936936937,84.04118404118404,22.848,3,4,artifacts/profiling/compact/baseline_measured_loop.sqlite
B0_original,1,9,75.679,294.75,11.968,54.367,64.959,71.83895136035096,85.8349079665429,21.312,3,4,artifacts/profiling/compact/baseline_measured_loop.sqlite
B0_original,1,10,72.928,289.215,10.944,56.704,63.776,77.75340061430452,87.45063624396666,16.224,3,4,artifacts/profiling/compact/baseline_measured_loop.sqlite
B0_original,1,11,74.719,286.686,12.16,52.127,62.879,69.76404930472839,84.15396351664235,22.592,3,4,artifacts/profiling/compact/baseline_measured_loop.sqlite
B0_original,1,12,75.839,293.15,10.944,60.735,67.615,80.08412558182465,89.15597515790029,15.104,3,4,artifacts/profiling/compact/baseline_measured_loop.sqlite
B0_original,1,13,75.456,286.079,10.944,52.8,62.24,69.97455470737913,82.48515691263782,22.656,3,4,artifacts/profiling/compact/baseline_measured_loop.sqlite
B0_original,1,14,74.687,295.935,10.976,51.84,60.8,69.40966968816528,81.40640272068767,22.847,3,4,artifacts/profiling/compact/baseline_measured_loop.sqlite
B0_original,1,15,73.248,293.886,10.944,58.624,65.504,80.03494975972039,89.42769768457842,14.624,3,4,artifacts/profiling/compact/baseline_measured_loop.sqlite
B0_original,1,16,75.552,282.399,11.104,50.432,59.712,66.75137653536638,79.03430749682337,25.12,3,4,artifacts/profiling/compact/baseline_measured_loop.sqlite
B0_original,1,17,71.936,281.151,10.943,53.728,61.6,74.68861209964413,85.63167259786478,18.208,3,4,artifacts/profiling/compact/baseline_measured_loop.sqlite
B0_original,1,18,74.783,280.446,10.944,56.095,63.487,75.01036331786636,84.8949627589158,18.688,3,4,artifacts/profiling/compact/baseline_measured_loop.sqlite
B0_original,1,19,73.152,281.663,11.744,47.136,58.816,64.43569553805774,80.40244969378828,28.096,3,4,artifacts/profiling/compact/baseline_measured_loop.sqlite
B0_original,2,0,69.824,286.813,10.88,55.008,61.76,78.78093492208983,88.45096241979834,14.816,3,4,artifacts/profiling/compact/baseline_measured_loop.sqlite
B0_original,2,1,75.52,289.181,13.984,56.0,68.032,74.15254237288136,90.08474576271186,19.52,3,4,artifacts/profiling/compact/baseline_measured_loop.sqlite
B0_original,2,2,70.239,289.246,10.911,54.88,61.855,78.13323082617919,88.06361138398896,15.359,3,4,artifacts/profiling/compact/baseline_measured_loop.sqlite
B0_original,2,3,75.488,291.325,12.608,52.768,64.032,69.9025010597711,84.82407799915218,22.72,3,4,artifacts/profiling/compact/baseline_measured_loop.sqlite
B0_original,2,4,73.856,296.701,11.008,57.792,64.64,78.24956672443673,87.52166377816292,16.064,3,4,artifacts/profiling/compact/baseline_measured_loop.sqlite
B0_original,2,5,74.111,295.741,11.008,61.535,68.095,83.0308591167303,91.88244660036972,12.576,3,4,artifacts/profiling/compact/baseline_measured_loop.sqlite
B0_original,2,6,72.447,290.525,10.976,57.279,64.095,79.0633152511491,88.47157232183527,15.168,3,4,artifacts/profiling/compact/baseline_measured_loop.sqlite
B0_original,2,7,72.671,289.534,14.591,47.04,60.223,64.73008490319384,82.87074623990313,27.615,3,4,artifacts/profiling/compact/baseline_measured_loop.sqlite
B0_original,2,8,71.968,291.613,11.424,51.456,60.576,71.49844375277901,84.17074255224544,20.512,3,4,artifacts/profiling/compact/baseline_measured_loop.sqlite
B0_original,2,9,74.016,294.909,12.8,56.512,66.4,76.35105923043666,89.71033290099439,17.504,3,4,artifacts/profiling/compact/baseline_measured_loop.sqlite
B0_original,2,10,72.607,290.909,13.792,49.663,62.783,68.39974107179748,86.46962414092305,22.944,3,4,artifacts/profiling/compact/baseline_measured_loop.sqlite
B0_original,2,11,71.999,287.069,11.36,52.095,62.303,72.35517159960555,86.53314629369852,19.904,3,4,artifacts/profiling/compact/baseline_measured_loop.sqlite
B0_original,2,12,75.424,294.109,13.632,52.064,65.216,69.02842596521002,86.46584641493423,23.36,3,4,artifacts/profiling/compact/baseline_measured_loop.sqlite
B0_original,2,13,70.847,296.669,10.944,56.671,63.199,79.99068415035217,89.2049063474812,14.176,3,4,artifacts/profiling/compact/baseline_measured_loop.sqlite
B0_original,2,14,72.223,300.701,12.448,54.975,64.575,76.11841103249657,89.41057557841685,17.248,3,4,artifacts/profiling/compact/baseline_measured_loop.sqlite
B0_original,2,15,73.438,290.846,12.255,53.631,64.766,73.02894959013045,88.19139954791797,19.807,3,4,artifacts/profiling/compact/baseline_measured_loop.sqlite
B0_original,2,16,73.279,288.381,11.84,53.695,64.831,73.27474446976623,88.47145839872269,19.584,3,4,artifacts/profiling/compact/baseline_measured_loop.sqlite
B0_original,2,17,73.44,282.813,13.472,47.36,60.16,64.4880174291939,81.91721132897604,26.08,3,4,artifacts/profiling/compact/baseline_measured_loop.sqlite
B0_original,2,18,70.367,289.598,11.296,45.792,56.064,65.07595890118948,79.67371068824876,24.575,3,4,artifacts/profiling/compact/baseline_measured_loop.sqlite
B0_original,2,19,70.368,279.069,11.072,49.984,58.368,71.03228740336517,82.94679399727148,20.384,3,4,artifacts/profiling/compact/baseline_measured_loop.sqlite
B0_original,3,0,92.928,272.127,16.16,60.32,75.872,64.91046831955923,81.64600550964187,32.608,3,4,artifacts/profiling/compact/baseline_measured_loop.sqlite
B0_original,3,1,92.768,283.678,17.184,70.144,85.216,75.61228009658502,91.85926181441877,22.624,3,4,artifacts/profiling/compact/baseline_measured_loop.sqlite
B0_original,3,2,88.991,288.734,11.84,76.735,83.967,86.22782079086649,94.35448528502882,12.256,3,4,artifacts/profiling/compact/baseline_measured_loop.sqlite
B0_original,3,3,97.312,277.343,12.96,65.888,77.856,67.70799079250247,80.00657678395264,31.424,3,4,artifacts/profiling/compact/baseline_measured_loop.sqlite
B0_original,3,4,94.143,294.175,12.48,67.712,79.616,71.92462530405872,84.56921916658699,26.431,3,4,artifacts/profiling/compact/baseline_measured_loop.sqlite
B0_original,3,5,91.839,285.726,14.656,72.639,84.351,79.09384901839088,91.84660111717244,19.2,3,4,artifacts/profiling/compact/baseline_measured_loop.sqlite
B0_original,3,6,92.384,283.807,16.192,69.216,83.04,74.92206442674056,89.88569449255283,23.168,3,4,artifacts/profiling/compact/baseline_measured_loop.sqlite
B0_original,3,7,93.28,281.375,13.664,65.664,78.752,70.39451114922814,84.4253859348199,27.616,3,4,artifacts/profiling/compact/baseline_measured_loop.sqlite
B0_original,3,8,94.112,285.374,13.344,71.424,83.328,75.89255355321319,88.54131247874872,22.688,3,4,artifacts/profiling/compact/baseline_measured_loop.sqlite
B0_original,3,9,90.591,286.238,13.696,68.671,80.959,75.80333587221688,89.36759722268216,21.92,3,4,artifacts/profiling/compact/baseline_measured_loop.sqlite
B0_original,3,10,94.496,277.663,13.12,64.608,76.512,68.3711479850999,80.96850660345412,29.888,3,4,artifacts/profiling/compact/baseline_measured_loop.sqlite
B0_original,3,11,93.087,278.815,15.424,71.2,84.416,76.48758688108973,90.68505806396166,21.887,3,4,artifacts/profiling/compact/baseline_measured_loop.sqlite
B0_original,3,12,92.255,284.83,12.544,67.487,79.327,73.15267465178039,85.9866673893014,24.768,3,4,artifacts/profiling/compact/baseline_measured_loop.sqlite
B0_original,3,13,91.584,289.183,15.008,65.44,79.296,71.45352900069881,86.58280922431865,26.144,3,4,artifacts/profiling/compact/baseline_measured_loop.sqlite
B0_original,3,14,94.528,289.535,11.776,74.048,84.544,78.33446174678403,89.43805010155721,20.48,3,4,artifacts/profiling/compact/baseline_measured_loop.sqlite
B0_original,3,15,92.575,279.582,13.824,68.223,80.735,73.6948420199838,87.21036997029435,24.352,3,4,artifacts/profiling/compact/baseline_measured_loop.sqlite
B0_original,3,16,90.559,279.39,11.296,73.375,80.959,81.02452544749832,89.39917622765269,17.184,3,4,artifacts/profiling/compact/baseline_measured_loop.sqlite
B0_original,3,17,91.2,282.655,11.744,70.208,81.28,76.98245614035088,89.12280701754386,20.992,3,4,artifacts/profiling/compact/baseline_measured_loop.sqlite
B0_original,3,18,88.831,282.655,11.455,68.256,75.999,76.83804077405411,85.55459242831894,20.575,3,4,artifacts/profiling/compact/baseline_measured_loop.sqlite
B0_original,3,19,90.207,286.558,11.52,66.943,76.255,74.21042712871507,84.53335107031606,23.264,3,4,artifacts/profiling/compact/baseline_measured_loop.sqlite
B4_tile32_current,0,0,92.032,264.031,11.68,64.512,75.488,70.09735744089014,82.02364394993046,27.52,3,4,artifacts/profiling/compact/optimized_sm32_measured_loop.sqlite
B4_tile32_current,0,1,90.495,265.471,10.752,76.607,83.391,84.6532957621968,92.14984253273661,13.888,3,4,artifacts/profiling/compact/optimized_sm32_measured_loop.sqlite
B4_tile32_current,0,2,94.432,262.239,11.264,72.608,82.592,76.88919010504914,87.46187732971875,21.824,3,4,artifacts/profiling/compact/optimized_sm32_measured_loop.sqlite
B4_tile32_current,0,3,92.48,257.055,12.704,62.944,74.72,68.06228373702422,80.79584775086505,29.536,3,4,artifacts/profiling/compact/optimized_sm32_measured_loop.sqlite
B4_tile32_current,0,4,91.807,264.51,17.44,66.655,83.199,72.60339625518752,90.62380864204255,25.152,3,4,artifacts/profiling/compact/optimized_sm32_measured_loop.sqlite
B4_tile32_current,0,5,92.064,265.855,13.536,63.744,76.576,69.23879040667362,83.17692040319777,28.32,3,4,artifacts/profiling/compact/optimized_sm32_measured_loop.sqlite
B4_tile32_current,0,6,93.343,264.063,11.392,64.671,75.359,69.28318138478514,80.73342403822461,28.672,3,4,artifacts/profiling/compact/optimized_sm32_measured_loop.sqlite
B4_tile32_current,0,7,88.576,260.543,11.168,70.848,78.368,79.98554913294798,88.47543352601156,17.728,3,4,artifacts/profiling/compact/optimized_sm32_measured_loop.sqlite
B4_tile32_current,0,8,91.968,262.495,10.912,73.248,80.0,79.64509394572025,86.98677800974252,18.72,3,4,artifacts/profiling/compact/optimized_sm32_measured_loop.sqlite
B4_tile32_current,0,9,91.104,267.742,10.944,73.088,80.544,80.22479803301721,88.40885142255004,18.016,3,4,artifacts/profiling/compact/optimized_sm32_measured_loop.sqlite
B4_tile32_current,0,10,92.544,257.663,11.328,68.768,77.856,74.30843706777317,84.12863070539419,23.776,3,4,artifacts/profiling/compact/optimized_sm32_measured_loop.sqlite
B4_tile32_current,0,11,91.103,254.847,13.696,63.455,75.711,69.65193242813079,83.10483738186448,27.648,3,4,artifacts/profiling/compact/optimized_sm32_measured_loop.sqlite
B4_tile32_current,0,12,93.088,268.831,15.712,67.52,81.696,72.53351667239602,87.76211756617394,25.568,3,4,artifacts/profiling/compact/optimized_sm32_measured_loop.sqlite
B4_tile32_current,0,13,89.28,264.415,10.848,70.368,78.144,78.81720430107528,87.52688172043011,18.912,3,4,artifacts/profiling/compact/optimized_sm32_measured_loop.sqlite
B4_tile32_current,0,14,89.567,259.551,12.927,62.4,74.623,69.66851630622885,83.31528353076469,27.167,3,4,artifacts/profiling/compact/optimized_sm32_measured_loop.sqlite
B4_tile32_current,0,15,89.568,266.527,11.392,66.016,76.0,73.70489460521615,84.8517327617006,23.552,3,4,artifacts/profiling/compact/optimized_sm32_measured_loop.sqlite
B4_tile32_current,0,16,92.479,259.711,18.048,65.503,82.975,70.83013440889283,89.72307226505477,26.976,3,4,artifacts/profiling/compact/optimized_sm32_measured_loop.sqlite
B4_tile32_current,0,17,95.679,259.839,13.567,68.256,80.863,71.33853823723074,84.51488832450173,27.423,3,4,artifacts/profiling/compact/optimized_sm32_measured_loop.sqlite
B4_tile32_current,0,18,88.96,249.951,10.976,65.824,74.176,73.99280575539568,83.38129496402877,23.136,3,4,artifacts/profiling/compact/optimized_sm32_measured_loop.sqlite
B4_tile32_current,0,19,93.727,255.935,10.88,68.351,77.247,72.92562441985767,82.41701964215221,25.376,3,4,artifacts/profiling/compact/optimized_sm32_measured_loop.sqlite
B4_tile32_current,1,0,77.6,238.591,15.392,51.232,65.824,66.02061855670102,84.82474226804125,26.368,3,4,artifacts/profiling/compact/optimized_sm32_measured_loop.sqlite
B4_tile32_current,1,1,75.872,252.127,12.224,59.424,68.608,78.32138338253901,90.42598059890342,16.448,3,4,artifacts/profiling/compact/optimized_sm32_measured_loop.sqlite
B4_tile32_current,1,2,72.704,247.775,10.912,59.936,66.528,82.43838028169014,91.50528169014085,12.768,3,4,artifacts/profiling/compact/optimized_sm32_measured_loop.sqlite
B4_tile32_current,1,3,74.975,245.919,11.584,51.935,62.143,69.26975658552851,82.88496165388463,23.04,3,4,artifacts/profiling/compact/optimized_sm32_measured_loop.sqlite
B4_tile32_current,1,4,74.72,246.591,14.464,50.208,62.272,67.1948608137045,83.34047109207708,24.512,3,4,artifacts/profiling/compact/optimized_sm32_measured_loop.sqlite
B4_tile32_current,1,5,73.344,242.623,11.936,51.04,62.4,69.58987783595113,85.07853403141361,22.304,3,4,artifacts/profiling/compact/optimized_sm32_measured_loop.sqlite
B4_tile32_current,1,6,77.119,247.647,12.895,57.44,68.863,74.48229359820537,89.29446699256992,19.679,3,4,artifacts/profiling/compact/optimized_sm32_measured_loop.sqlite
B4_tile32_current,1,7,73.44,272.863,10.816,59.008,65.472,80.34858387799564,89.15032679738563,14.432,3,4,artifacts/profiling/compact/optimized_sm32_measured_loop.sqlite
B4_tile32_current,1,8,74.432,279.871,10.912,54.176,63.072,72.78589853826311,84.73774720550301,20.256,3,4,artifacts/profiling/compact/optimized_sm32_measured_loop.sqlite
B4_tile32_current,1,9,74.303,245.599,11.936,49.887,60.479,67.13995397224876,81.39509844824569,24.416,3,4,artifacts/profiling/compact/optimized_sm32_measured_loop.sqlite
B4_tile32_current,1,10,76.576,268.383,12.448,52.0,63.296,67.90639364814041,82.65775177601338,24.576,3,4,artifacts/profiling/compact/optimized_sm32_measured_loop.sqlite
B4_tile32_current,1,11,73.151,279.903,10.88,56.415,65.279,77.12129704310262,89.23869803557027,16.736,3,4,artifacts/profiling/compact/optimized_sm32_measured_loop.sqlite
B4_tile32_current,1,12,78.048,242.335,15.616,50.752,65.312,65.02665026650266,83.68183681836818,27.296,3,4,artifacts/profiling/compact/optimized_sm32_measured_loop.sqlite
B4_tile32_current,1,13,75.071,251.871,13.536,52.383,65.311,69.77794354677572,86.99897430432524,22.688,3,4,artifacts/profiling/compact/optimized_sm32_measured_loop.sqlite
B4_tile32_current,1,14,72.832,244.223,11.136,51.392,61.376,70.56239015817224,84.27065026362038,21.44,3,4,artifacts/profiling/compact/optimized_sm32_measured_loop.sqlite
B4_tile32_current,1,15,75.072,237.823,13.536,51.968,64.832,69.22421142369991,86.35976129582268,23.104,3,4,artifacts/profiling/compact/optimized_sm32_measured_loop.sqlite
B4_tile32_current,1,16,72.704,240.863,11.52,51.68,62.272,71.08274647887323,85.65140845070422,21.024,3,4,artifacts/profiling/compact/optimized_sm32_measured_loop.sqlite
B4_tile32_current,1,17,72.735,238.463,11.488,48.447,59.295,66.60754794803051,81.52196329140028,24.288,3,4,artifacts/profiling/compact/optimized_sm32_measured_loop.sqlite
B4_tile32_current,1,18,73.024,240.223,11.008,52.288,60.864,71.60385626643296,83.34794040315514,20.736,3,4,artifacts/profiling/compact/optimized_sm32_measured_loop.sqlite
B4_tile32_current,1,19,72.32,238.047,11.744,48.416,58.336,66.94690265486726,80.66371681415929,28.224,3,4,artifacts/profiling/compact/optimized_sm32_measured_loop.sqlite
B4_tile32_current,2,0,77.471,266.333,10.912,52.735,61.663,68.07063288198164,79.59494520530262,24.736,3,4,artifacts/profiling/compact/optimized_sm32_measured_loop.sqlite
B4_tile32_current,2,1,74.623,281.021,12.16,53.887,64.927,72.21232059820699,87.00668694638382,20.736,3,4,artifacts/profiling/compact/optimized_sm32_measured_loop.sqlite
B4_tile32_current,2,2,76.224,278.493,11.264,51.616,60.8,67.71620486985726,79.7649034424853,24.608,3,4,artifacts/profiling/compact/optimized_sm32_measured_loop.sqlite
B4_tile32_current,2,3,74.527,270.43,11.071,55.552,65.439,74.5394286634374,87.80576167026715,18.975,3,4,artifacts/profiling/compact/optimized_sm32_measured_loop.sqlite
B4_tile32_current,2,4,73.311,272.446,11.52,57.536,65.6,78.4820831798775,89.48179672900383,15.775,3,4,artifacts/profiling/compact/optimized_sm32_measured_loop.sqlite
B4_tile32_current,2,5,71.519,271.326,11.647,51.232,62.303,71.63411121520156,87.113913785148,20.287,3,4,artifacts/profiling/compact/optimized_sm32_measured_loop.sqlite
B4_tile32_current,2,6,72.799,281.278,11.04,58.175,65.087,79.91181197543922,89.40644789076772,14.624,3,4,artifacts/profiling/compact/optimized_sm32_measured_loop.sqlite
B4_tile32_current,2,7,76.32,278.333,11.84,52.064,63.264,68.21802935010483,82.8930817610063,24.256,3,4,artifacts/profiling/compact/optimized_sm32_measured_loop.sqlite
B4_tile32_current,2,8,78.911,279.357,14.848,51.967,65.855,65.8552039639594,83.45477816780931,26.944,3,4,artifacts/profiling/compact/optimized_sm32_measured_loop.sqlite
B4_tile32_current,2,9,74.495,284.157,11.008,61.343,67.903,82.34512383381436,91.15108396536681,13.152,3,4,artifacts/profiling/compact/optimized_sm32_measured_loop.sqlite
B4_tile32_current,2,10,75.072,278.365,12.032,52.768,64.256,70.28985507246377,85.5924978687127,22.304,3,4,artifacts/profiling/compact/optimized_sm32_measured_loop.sqlite
B4_tile32_current,2,11,78.399,280.83,12.127,54.56,65.695,69.59272439699487,83.79571167999592,23.839,3,4,artifacts/profiling/compact/optimized_sm32_measured_loop.sqlite
B4_tile32_current,2,12,72.447,282.878,10.912,56.287,63.199,77.69403840048588,87.23480613413945,16.16,3,4,artifacts/profiling/compact/optimized_sm32_measured_loop.sqlite
B4_tile32_current,2,13,77.056,282.621,11.264,57.216,67.488,74.25249169435216,87.58305647840533,19.84,3,4,artifacts/profiling/compact/optimized_sm32_measured_loop.sqlite
B4_tile32_current,2,14,74.367,271.261,13.44,51.167,63.967,68.80336708486291,86.01530248631786,23.2,3,4,artifacts/profiling/compact/optimized_sm32_measured_loop.sqlite
B4_tile32_current,2,15,75.103,264.061,14.688,49.375,63.231,65.7430462165293,84.19237580389598,25.728,3,4,artifacts/profiling/compact/optimized_sm32_measured_loop.sqlite
B4_tile32_current,2,16,75.295,263.901,13.664,50.431,63.359,66.97788697788698,84.14768576930739,24.864,3,4,artifacts/profiling/compact/optimized_sm32_measured_loop.sqlite
B4_tile32_current,2,17,73.28,266.685,10.944,49.312,58.336,67.29257641921397,79.60698689956331,23.968,3,4,artifacts/profiling/compact/optimized_sm32_measured_loop.sqlite
B4_tile32_current,2,18,74.687,268.221,11.008,49.695,59.615,66.53768393428575,79.81978122029268,24.992,3,4,artifacts/profiling/compact/optimized_sm32_measured_loop.sqlite
B4_tile32_current,2,19,73.311,270.781,11.008,47.711,57.631,65.08027444721802,78.61166809892104,25.6,3,4,artifacts/profiling/compact/optimized_sm32_measured_loop.sqlite
B4_tile32_current,3,0,89.536,238.239,11.328,65.312,74.56,72.94496068620442,83.27376697641172,24.224,3,4,artifacts/profiling/compact/optimized_sm32_measured_loop.sqlite
B4_tile32_current,3,1,91.776,239.582,12.832,63.328,75.264,69.00278940027894,82.00836820083683,28.448,3,4,artifacts/profiling/compact/optimized_sm32_measured_loop.sqlite
B4_tile32_current,3,2,95.712,237.343,17.376,62.048,78.944,64.82781678368438,82.48077566031428,33.664,3,4,artifacts/profiling/compact/optimized_sm32_measured_loop.sqlite
B4_tile32_current,3,3,90.143,238.782,12.096,68.127,77.823,75.5765838722918,86.33282673086097,22.016,3,4,artifacts/profiling/compact/optimized_sm32_measured_loop.sqlite
B4_tile32_current,3,4,92.096,238.751,11.36,76.608,83.392,83.18276580959,90.54899235580264,15.488,3,4,artifacts/profiling/compact/optimized_sm32_measured_loop.sqlite
B4_tile32_current,3,5,90.303,239.838,11.456,74.303,81.663,82.28187324895076,90.43221155443341,16.0,3,4,artifacts/profiling/compact/optimized_sm32_measured_loop.sqlite
B4_tile32_current,3,6,93.632,238.303,14.368,65.088,77.952,69.51469583048531,83.25358851674642,28.544,3,4,artifacts/profiling/compact/optimized_sm32_measured_loop.sqlite
B4_tile32_current,3,7,92.511,242.687,11.616,67.52,77.088,72.98591518846408,83.32846904692414,24.991,3,4,artifacts/profiling/compact/optimized_sm32_measured_loop.sqlite
B4_tile32_current,3,8,92.768,245.663,12.672,72.928,81.472,78.61331493618489,87.82338737495688,19.84,3,4,artifacts/profiling/compact/optimized_sm32_measured_loop.sqlite
B4_tile32_current,3,9,91.295,241.375,11.552,66.304,75.744,72.62610219617723,82.96620844515033,24.991,3,4,artifacts/profiling/compact/optimized_sm32_measured_loop.sqlite
B4_tile32_current,3,10,92.895,241.535,13.728,68.799,81.215,74.0610366542871,87.42666451369826,24.096,3,4,artifacts/profiling/compact/optimized_sm32_measured_loop.sqlite
B4_tile32_current,3,11,92.672,242.815,11.776,72.256,81.696,77.9696132596685,88.1560773480663,20.416,3,4,artifacts/profiling/compact/optimized_sm32_measured_loop.sqlite
B4_tile32_current,3,12,92.479,242.047,11.904,65.887,77.343,71.24536381232495,83.63304101471685,26.592,3,4,artifacts/profiling/compact/optimized_sm32_measured_loop.sqlite
B4_tile32_current,3,13,94.176,236.735,12.032,66.336,75.776,70.43832823649338,80.46211348963642,27.84,3,4,artifacts/profiling/compact/optimized_sm32_measured_loop.sqlite
B4_tile32_current,3,14,92.191,239.359,15.904,67.871,81.663,73.61998459719496,88.58023017431202,24.32,3,4,artifacts/profiling/compact/optimized_sm32_measured_loop.sqlite
B4_tile32_current,3,15,89.856,236.159,14.592,65.536,78.016,72.93447293447294,86.82336182336182,24.32,3,4,artifacts/profiling/compact/optimized_sm32_measured_loop.sqlite
B4_tile32_current,3,16,91.999,236.191,13.28,69.183,80.383,75.19973043185252,87.3737758019109,22.816,3,4,artifacts/profiling/compact/optimized_sm32_measured_loop.sqlite
B4_tile32_current,3,17,91.904,237.887,11.584,66.432,75.936,72.28412256267409,82.62534818941504,25.472,3,4,artifacts/profiling/compact/optimized_sm32_measured_loop.sqlite
B4_tile32_current,3,18,90.047,232.831,12.512,57.471,69.983,63.82333670194454,77.71830266416427,32.576,3,4,artifacts/profiling/compact/optimized_sm32_measured_loop.sqlite
B4_tile32_current,3,19,91.776,231.391,11.744,60.768,71.488,66.21338912133892,77.89400278940028,31.008,3,4,artifacts/profiling/compact/optimized_sm32_measured_loop.sqlite
B8_fused_prep_final,0,0,89.276,286.065,6.975,77.34,80.412,86.6302253685201,90.0712397508849,11.936,3,2,artifacts/final_overlap_audit/compact/final_sm0_measured_loop.sqlite
B8_fused_prep_final,0,1,85.659,281.873,6.911,73.755,76.891,86.10303645851575,89.7640644882616,11.904,3,2,artifacts/final_overlap_audit/compact/final_sm0_measured_loop.sqlite
B8_fused_prep_final,0,2,89.115,288.177,6.975,78.172,81.275,87.72036133086462,91.20237894854962,10.943,3,2,artifacts/final_overlap_audit/compact/final_sm0_measured_loop.sqlite
B8_fused_prep_final,0,3,86.94,271.378,7.007,59.005,64.924,67.86864504255809,74.67678858983207,27.935,3,2,artifacts/final_overlap_audit/compact/final_sm0_measured_loop.sqlite
B8_fused_prep_final,0,4,88.283,277.362,6.944,68.348,73.18,77.41920868117305,82.89251611295492,19.935,3,2,artifacts/final_overlap_audit/compact/final_sm0_measured_loop.sqlite
B8_fused_prep_final,0,5,86.685,297.616,7.584,71.229,78.493,82.16992559266309,90.54969141143219,15.456,3,2,artifacts/final_overlap_audit/compact/final_sm0_measured_loop.sqlite
B8_fused_prep_final,0,6,88.124,283.442,6.976,71.645,76.477,81.30021333575417,86.78339612364395,16.479,3,2,artifacts/final_overlap_audit/compact/final_sm0_measured_loop.sqlite
B8_fused_prep_final,0,7,90.331,284.37,7.296,74.78,82.076,82.78442616598952,90.8613875635164,15.551,3,2,artifacts/final_overlap_audit/compact/final_sm0_measured_loop.sqlite
B8_fused_prep_final,0,8,88.124,281.617,6.912,65.373,71.293,74.18296945213562,80.90077617902047,22.751,3,2,artifacts/final_overlap_audit/compact/final_sm0_measured_loop.sqlite
B8_fused_prep_final,0,9,90.748,284.946,6.944,77.117,81.085,84.97928328998987,89.35183144532111,13.631,3,2,artifacts/final_overlap_audit/compact/final_sm0_measured_loop.sqlite
B8_fused_prep_final,0,10,87.356,285.49,6.944,76.701,81.853,87.80278401025689,93.70048994917349,10.655,3,2,artifacts/final_overlap_audit/compact/final_sm0_measured_loop.sqlite
B8_fused_prep_final,0,11,89.276,285.394,6.912,71.677,76.701,80.28697522290426,85.91446749406335,17.599,3,2,artifacts/final_overlap_audit/compact/final_sm0_measured_loop.sqlite
B8_fused_prep_final,0,12,87.1,284.178,6.879,80.06,82.428,91.91733639494834,94.63605051664753,7.04,3,2,artifacts/final_overlap_audit/compact/final_sm0_measured_loop.sqlite
B8_fused_prep_final,0,13,87.867,281.362,6.943,70.14,75.003,79.82519034449793,85.35969135170201,17.727,3,2,artifacts/final_overlap_audit/compact/final_sm0_measured_loop.sqlite
B8_fused_prep_final,0,14,90.619,287.378,6.943,78.268,83.995,86.37040797183813,92.69027466646068,12.351,3,2,artifacts/final_overlap_audit/compact/final_sm0_measured_loop.sqlite
B8_fused_prep_final,0,15,87.036,297.745,6.944,84.828,85.724,97.46311870949953,98.49257778390552,2.208,3,2,artifacts/final_overlap_audit/compact/final_sm0_measured_loop.sqlite
B8_fused_prep_final,0,16,90.267,285.841,7.68,74.491,82.171,82.52295966410759,91.03105232255419,15.776,3,2,artifacts/final_overlap_audit/compact/final_sm0_measured_loop.sqlite
B8_fused_prep_final,0,17,89.18,288.466,6.912,76.221,82.077,85.46871495851087,92.03520968827091,12.959,3,2,artifacts/final_overlap_audit/compact/final_sm0_measured_loop.sqlite
B8_fused_prep_final,0,18,91.419,287.122,6.911,85.148,88.411,93.14037563307409,96.70965554206457,6.271,3,2,artifacts/final_overlap_audit/compact/final_sm0_measured_loop.sqlite
B8_fused_prep_final,0,19,91.676,288.658,6.976,77.245,84.157,84.25869366028186,91.79828962869236,14.431,3,2,artifacts/final_overlap_audit/compact/final_sm0_measured_loop.sqlite
B8_fused_prep_final,1,0,72.572,291.73,7.04,53.885,60.061,74.25039960315273,82.76056881441879,18.687,3,2,artifacts/final_overlap_audit/compact/final_sm0_measured_loop.sqlite
B8_fused_prep_final,1,1,72.732,298.033,7.008,61.596,66.524,84.688995215311,91.46455480393774,11.136,3,2,artifacts/final_overlap_audit/compact/final_sm0_measured_loop.sqlite
B8_fused_prep_final,1,2,72.06,299.313,7.039,60.733,67.772,84.28115459339439,94.04940327504858,11.327,3,2,artifacts/final_overlap_audit/compact/final_sm0_measured_loop.sqlite
B8_fused_prep_final,1,3,72.573,290.609,7.039,55.806,62.269,76.89636641726261,85.80188224270734,16.767,3,2,artifacts/final_overlap_audit/compact/final_sm0_measured_loop.sqlite
B8_fused_prep_final,1,4,71.933,291.346,6.976,58.59,65.566,81.45079448931645,91.14870782533747,13.343,3,2,artifacts/final_overlap_audit/compact/final_sm0_measured_loop.sqlite
B8_fused_prep_final,1,5,70.429,290.865,7.039,59.357,64.285,84.27920316914907,91.27632083374746,11.072,3,2,artifacts/final_overlap_audit/compact/final_sm0_measured_loop.sqlite
B8_fused_prep_final,1,6,72.506,294.481,7.008,58.523,64.891,80.71469947314705,89.49742090309768,13.983,3,2,artifacts/final_overlap_audit/compact/final_sm0_measured_loop.sqlite
B8_fused_prep_final,1,7,72.155,285.777,7.007,60.124,64.123,83.32617282239623,88.86840828771395,12.031,3,2,artifacts/final_overlap_audit/compact/final_sm0_measured_loop.sqlite
B8_fused_prep_final,1,8,73.723,287.025,7.008,50.172,56.188,68.05474546613675,76.21502109246775,23.551,3,2,artifacts/final_overlap_audit/compact/final_sm0_measured_loop.sqlite
B8_fused_prep_final,1,9,72.413,290.353,7.039,57.022,61.917,78.74552911769986,85.50536505876016,15.391,3,2,artifacts/final_overlap_audit/compact/final_sm0_measured_loop.sqlite
B8_fused_prep_final,1,10,72.925,292.081,7.04,55.966,61.47,76.74460061707234,84.29208090503943,16.959,3,2,artifacts/final_overlap_audit/compact/final_sm0_measured_loop.sqlite
B8_fused_prep_final,1,11,72.413,295.569,7.007,57.406,64.413,79.27582063994035,88.95225995332329,15.007,3,2,artifacts/final_overlap_audit/compact/final_sm0_measured_loop.sqlite
B8_fused_prep_final,1,12,71.837,300.689,7.136,59.166,62.654,82.36145718780016,87.21689380124448,12.671,3,2,artifacts/final_overlap_audit/compact/final_sm0_measured_loop.sqlite
B8_fused_prep_final,1,13,72.573,296.497,7.072,68.765,70.685,94.7528695244788,97.39848152894326,3.808,3,2,artifacts/final_overlap_audit/compact/final_sm0_measured_loop.sqlite
B8_fused_prep_final,1,14,70.717,292.658,7.008,64.318,66.75,90.95125641642038,94.39031633129234,6.399,3,2,artifacts/final_overlap_audit/compact/final_sm0_measured_loop.sqlite
B8_fused_prep_final,1,15,72.285,292.177,7.04,56.349,63.389,77.95393235111018,87.69315902331051,15.936,3,2,artifacts/final_overlap_audit/compact/final_sm0_measured_loop.sqlite
B8_fused_prep_final,1,16,73.277,286.514,7.136,54.27,60.382,74.06143810472591,82.40239092757619,19.007,3,2,artifacts/final_overlap_audit/compact/final_sm0_measured_loop.sqlite
B8_fused_prep_final,1,17,72.797,290.834,7.04,59.038,66.014,81.09949585834582,90.68230833688202,13.759,3,2,artifacts/final_overlap_audit/compact/final_sm0_measured_loop.sqlite
B8_fused_prep_final,1,18,72.092,308.56,7.072,59.645,65.693,82.73456139377461,91.12384175775398,12.447,3,2,artifacts/final_overlap_audit/compact/final_sm0_measured_loop.sqlite
B8_fused_prep_final,1,19,71.644,298.961,7.072,66.556,69.98,92.89821897158171,97.67740494668081,5.088,3,2,artifacts/final_overlap_audit/compact/final_sm0_measured_loop.sqlite
B8_fused_prep_final,2,0,70.78,296.304,6.975,53.405,58.205,75.4521051144391,82.23368183102572,17.375,3,2,artifacts/final_overlap_audit/compact/final_sm0_measured_loop.sqlite
B8_fused_prep_final,2,1,72.22,290.896,7.008,47.902,54.526,66.32788701190806,75.49986153420105,24.318,3,2,artifacts/final_overlap_audit/compact/final_sm0_measured_loop.sqlite
B8_fused_prep_final,2,2,72.412,293.2,7.04,53.597,59.773,74.01673755731095,82.54571065569243,18.815,3,2,artifacts/final_overlap_audit/compact/final_sm0_measured_loop.sqlite
B8_fused_prep_final,2,3,71.195,285.456,7.167,52.54,59.387,73.79731722733338,83.41456562960882,18.655,3,2,artifacts/final_overlap_audit/compact/final_sm0_measured_loop.sqlite
B8_fused_prep_final,2,4,72.124,290.703,7.04,54.781,60.509,75.9539127058954,83.89579058288503,17.343,3,2,artifacts/final_overlap_audit/compact/final_sm0_measured_loop.sqlite
B8_fused_prep_final,2,5,71.164,302.48,7.04,54.141,61.149,76.07919734697319,85.92687313810353,17.023,3,2,artifacts/final_overlap_audit/compact/final_sm0_measured_loop.sqlite
B8_fused_prep_final,2,6,73.212,300.207,7.104,62.813,68.797,85.79604436431187,93.96956783041031,10.399,3,2,artifacts/final_overlap_audit/compact/final_sm0_measured_loop.sqlite
B8_fused_prep_final,2,7,69.436,293.584,7.04,62.749,65.277,90.36954893715075,94.01031165389712,6.687,3,2,artifacts/final_overlap_audit/compact/final_sm0_measured_loop.sqlite
B8_fused_prep_final,2,8,72.284,297.455,7.039,58.557,65.468,81.00962868684633,90.57052736428531,13.727,3,2,artifacts/final_overlap_audit/compact/final_sm0_measured_loop.sqlite
B8_fused_prep_final,2,9,70.651,305.967,7.04,65.34,68.348,92.48276740598152,96.7403150698504,5.311,3,2,artifacts/final_overlap_audit/compact/final_sm0_measured_loop.sqlite
B8_fused_prep_final,2,10,69.916,294.8,7.104,53.405,59.837,76.38451856513531,85.5841295268608,16.511,3,2,artifacts/final_overlap_audit/compact/final_sm0_measured_loop.sqlite
B8_fused_prep_final,2,11,71.485,294.863,7.168,60.893,65.757,85.18290550465133,91.98713016716795,10.592,3,2,artifacts/final_overlap_audit/compact/final_sm0_measured_loop.sqlite
B8_fused_prep_final,2,12,73.981,300.111,7.039,56.829,62.973,76.81566888795773,85.12050391316689,17.152,3,2,artifacts/final_overlap_audit/compact/final_sm0_measured_loop.sqlite
B8_fused_prep_final,2,13,73.692,305.519,7.103,62.557,67.644,84.88981164848288,91.79286761113825,11.135,3,2,artifacts/final_overlap_audit/compact/final_sm0_measured_loop.sqlite
B8_fused_prep_final,2,14,72.092,290.831,7.072,52.861,58.877,73.3243633135438,81.66925595072962,19.231,3,2,artifacts/final_overlap_audit/compact/final_sm0_measured_loop.sqlite
B8_fused_prep_final,2,15,70.492,303.279,7.072,64.284,66.62,91.19332690234353,94.50717811950292,6.208,3,2,artifacts/final_overlap_audit/compact/final_sm0_measured_loop.sqlite
B8_fused_prep_final,2,16,71.613,287.664,7.2,57.501,61.981,80.29408068367475,86.54992808568277,14.112,3,2,artifacts/final_overlap_audit/compact/final_sm0_measured_loop.sqlite
B8_fused_prep_final,2,17,70.716,296.399,7.072,59.069,64.029,83.52989422478647,90.5438656032581,11.647,3,2,artifacts/final_overlap_audit/compact/final_sm0_measured_loop.sqlite
B8_fused_prep_final,2,18,71.483,298.127,7.072,58.14,65.18,81.33402347411273,91.18251892058251,13.343,3,2,artifacts/final_overlap_audit/compact/final_sm0_measured_loop.sqlite
B8_fused_prep_final,2,19,71.933,294.224,7.007,59.422,65.341,82.60742635508042,90.83591675587004,12.511,3,2,artifacts/final_overlap_audit/compact/final_sm0_measured_loop.sqlite
B8_fused_prep_final,3,0,92.283,282.865,7.167,68.956,74.075,74.72232155434912,80.26938872815144,23.327,3,2,artifacts/final_overlap_audit/compact/final_sm0_measured_loop.sqlite
B8_fused_prep_final,3,1,91.002,285.041,7.264,74.747,79.803,82.13775521417112,87.6936770620426,16.255,3,2,artifacts/final_overlap_audit/compact/final_sm0_measured_loop.sqlite
B8_fused_prep_final,3,2,90.266,293.489,7.232,82.747,84.795,91.670174816653,93.93902466044801,7.519,3,2,artifacts/final_overlap_audit/compact/final_sm0_measured_loop.sqlite
B8_fused_prep_final,3,3,88.765,281.394,7.744,72.478,80.03,81.65155185039148,90.15940967723765,16.287,3,2,artifacts/final_overlap_audit/compact/final_sm0_measured_loop.sqlite
B8_fused_prep_final,3,4,91.004,284.209,7.232,73.628,80.06,80.90633378752582,87.97415498219858,17.376,3,2,artifacts/final_overlap_audit/compact/final_sm0_measured_loop.sqlite
B8_fused_prep_final,3,5,87.036,294.929,7.263,79.58,81.66,91.43342984512157,93.82324555356404,7.456,3,2,artifacts/final_overlap_audit/compact/final_sm0_measured_loop.sqlite
B8_fused_prep_final,3,6,90.236,293.553,7.232,79.261,84.285,87.83744846846048,93.4050711467707,10.975,3,2,artifacts/final_overlap_audit/compact/final_sm0_measured_loop.sqlite
B8_fused_prep_final,3,7,89.658,294.545,7.264,70.427,76.091,78.55071493899038,84.86805416136876,19.231,3,2,artifacts/final_overlap_audit/compact/final_sm0_measured_loop.sqlite
B8_fused_prep_final,3,8,91.707,292.337,7.232,81.275,86.299,88.62464152136697,94.10295833469637,10.432,3,2,artifacts/final_overlap_audit/compact/final_sm0_measured_loop.sqlite
B8_fused_prep_final,3,9,87.164,292.273,7.2,71.485,76.893,82.01206920288192,88.2164655132853,15.679,3,2,artifacts/final_overlap_audit/compact/final_sm0_measured_loop.sqlite
B8_fused_prep_final,3,10,91.069,290.193,7.616,75.261,82.685,82.64173319131646,90.79379371685205,15.808,3,2,artifacts/final_overlap_audit/compact/final_sm0_measured_loop.sqlite
B8_fused_prep_final,3,11,89.469,289.873,7.968,76.093,83.325,85.0495702422068,93.13281695335814,13.376,3,2,artifacts/final_overlap_audit/compact/final_sm0_measured_loop.sqlite
B8_fused_prep_final,3,12,91.675,293.361,7.999,76.028,83.995,82.93209708208344,91.62257976547586,15.647,3,2,artifacts/final_overlap_audit/compact/final_sm0_measured_loop.sqlite
B8_fused_prep_final,3,13,88.509,286.802,7.232,69.79,74.942,78.85073834299337,84.67161531595657,18.719,3,2,artifacts/final_overlap_audit/compact/final_sm0_measured_loop.sqlite
B8_fused_prep_final,3,14,88.028,287.761,7.231,70.237,75.932,79.78938519561957,86.25891761712182,17.791,3,2,artifacts/final_overlap_audit/compact/final_sm0_measured_loop.sqlite
B8_fused_prep_final,3,15,90.108,282.578,7.232,68.157,73.213,75.6392329204954,81.25027744484396,21.951,3,2,artifacts/final_overlap_audit/compact/final_sm0_measured_loop.sqlite
B8_fused_prep_final,3,16,92.988,289.65,7.2,79.645,86.845,85.65083666709683,93.3937712392997,13.343,3,2,artifacts/final_overlap_audit/compact/final_sm0_measured_loop.sqlite
B8_fused_prep_final,3,17,92.826,290.129,7.295,82.747,87.354,89.14205071854869,94.10509986426217,10.079,3,2,artifacts/final_overlap_audit/compact/final_sm0_measured_loop.sqlite
B8_fused_prep_final,3,18,91.034,292.241,7.264,77.723,83.963,85.37799064085945,92.23257244545994,13.311,3,2,artifacts/final_overlap_audit/compact/final_sm0_measured_loop.sqlite
B8_fused_prep_final,3,19,89.018,286.802,7.232,81.179,83.739,91.1939158372464,94.06973870453167,7.839,3,2,artifacts/final_overlap_audit/compact/final_sm0_measured_loop.sqlite
